<?xml version="1.0" encoding="UTF-8"?>
<configuration debug="true" scan="true" scanPeriod="30 seconds">
    <include resource="org/springframework/boot/logging/logback/defaults.xml" />

    <appender name="CONSOLE" class="ch.qos.logback.core.ConsoleAppender">
        <encoder>
            <pattern>
                %d{yyyy-MM-dd HH:mm:ss.SSS} ${LOG_LEVEL_PATTERN:-%5p} -- [%-15.15t{14}] %-60.60logger{59} [%mdc{requestId}] : %m%n${LOG_EXCEPTION_CONVERSION_WORD:-%wEx}
            </pattern>
            <charset>utf8</charset>
        </encoder>
    </appender>

    <appender name="FILE" class="ch.qos.logback.core.rolling.RollingFileAppender">
        <file>/Users/shaurabhsuman/Documents/Spring_Log/jagmag/jagmag-springboot.log</file>
        <encoder>
            <pattern>
                %d{yyyy-MM-dd HH:mm:ss.SSS} ${LOG_LEVEL_PATTERN:-%5p} -- [%-15.15t{14}] %-60.60logger{59} [%mdc{requestId}] : %m%n${LOG_EXCEPTION_CONVERSION_WORD:-%wEx}
            </pattern>
        </encoder>
        <rollingPolicy class="ch.qos.logback.core.rolling.FixedWindowRollingPolicy">
            <fileNamePattern>/Users/shaurabhsuman/Documents/Spring_Log/jagmag/jagmag-springboot.log.%i</fileNamePattern>
            <minIndex>1</minIndex>
            <maxIndex>10</maxIndex>
        </rollingPolicy>

        <triggeringPolicy class="ch.qos.logback.core.rolling.SizeBasedTriggeringPolicy">
            <maxFileSize>2GB</maxFileSize>
        </triggeringPolicy>
    </appender>

    <!--Creating Async appender. Now we will use FILE-ASYNC appender instead of FILE-->
    <appender name="FILE-ASYNC" class="ch.qos.logback.classic.AsyncAppender">
        <appender-ref ref="FILE" />
    </appender>

    <!--Suppress warning messages for exceptions handled by GlobalExceptionHandler-->
    <logger name="org.springframework.web.servlet.mvc.method.annotation.ExceptionHandlerExceptionResolver" level="ERROR" additivity="false" />
    <logger name="org.hibernate" level="TRACE" additivity="false" />

    <!--Override level for this package. Additivity false to avoid logging twice-->
    <logger name="com.base" level="${LOG_LEVEL}" additivity="false">
        <appender-ref ref="CONSOLE" />
        <appender-ref ref="FILE-ASYNC" />
    </logger>

    <!--This will start logging to respective refs-->
    <root level="INFO">
        <appender-ref ref="CONSOLE" />
        <appender-ref ref="FILE-ASYNC" />
    </root>
</configuration>
